0.000	start
0.950	premium_character_dog
2.016	premium_character_lion
3.090	premium_character_octopus
4.180	premium_character_crab
5.266	premium_character_elephant
6.342	premium_character_bear
7.416	premium_character_fox
8.528	premium_character_frog
9.610	premium_character_penguin
10.715	premium_character_bunny
11.371	premium_language_picker_open_top
11.840	premium_language_scroll_arabic
14.104	premium_language_arabic
15.466	premium_sheet_closed
16.581	premium_sheet_reopened
18.014	premium_language_picker_open_arabic
18.491	premium_language_scroll_english
19.779	premium_language_english
20.939	premium_loop_complete
